"0","#cluster0_mpsz3414_PAfreq_Wpop_csv <- cluster0_mpsz3414_PAfreq_Wpop %>%"
"0","#  dplyr::select(1,3) %>%"
"0","#  st_set_geometry(NULL)"
"0","#"
"0","#cluster0_mpsz3414_PAfreq_Wpop_csv$PLN_AREA_N <- sub(""^"", ""Singapore, "", cluster0_mpsz3414_PAfreq_Wpop_csv$PLN_AREA_N)"
"0","#"
"0","#write.csv(cluster0_mpsz3414_PAfreq_Wpop_csv, ""data/aspatial/Cluster0_EstPop_PowerBI.csv"", row.names = FALSE)"
"0","#"
"0","#cluster1_mpsz3414_PAfreq_Wpop_csv <- cluster1_mpsz3414_PAfreq_Wpop %>%"
"0","#  dplyr::select(1,3) %>%"
"0","#  st_set_geometry(NULL)"
"0","#"
"0","#cluster1_mpsz3414_PAfreq_Wpop_csv$PLN_AREA_N <- sub(""^"", ""Singapore, "", cluster1_mpsz3414_PAfreq_Wpop_csv$PLN_AREA_N)"
"0","#"
"0","#write.csv(cluster1_mpsz3414_PAfreq_Wpop_csv, ""data/aspatial/Cluster1_EstPop_PowerBI.csv"", row.names = FALSE)"
"0","#"
"0","#cluster2_mpsz3414_PAfreq_Wpop_csv <- cluster2_mpsz3414_PAfreq_Wpop %>%"
"0","#  dplyr::select(1,3) %>%"
"0","#  st_set_geometry(NULL)"
"0","#"
"0","#cluster2_mpsz3414_PAfreq_Wpop_csv$PLN_AREA_N <- sub(""^"", ""Singapore, "", cluster2_mpsz3414_PAfreq_Wpop_csv$PLN_AREA_N)"
"0","#"
"0","#write.csv(cluster2_mpsz3414_PAfreq_Wpop_csv, ""data/aspatial/Cluster2_EstPop_PowerBI.csv"", row.names = FALSE)"
